,C in fuel,C stored,CO2 intensity,CO2 stored,FOM,VOM,c_b,c_v,capacity,capture rate,capture_rate,compression-electricity-input,compression-heat-output,discount rate,efficiency,efficiency-heat,electricity-input,fuel,heat-input,heat-output,investment,lifetime,min_fill_level,p_nom_ratio,fixed,0,1,2,3,4,5,6,7,8,9,10,11,12,13,14,15,16,17,18,19,20,21,22,23,24,25,26,27,28,29,30,31,32,33,34,35,36,37,38,39,40,41,42,43,44,45,46,47,48,49
Ammonia cracker,,,0,,4.3,0,,,,,,,,0.07,1,,,0,,,1062107.74,25,,,136810.6473,,,,,,,,,,,,,,,,,,,,,,,,,,,,,,,,,,,,,,,,,,,,,,,,,,
BioSNG,0.34,0.66,0,0.24,1.64,1.7,,,,0.98,,,,0.07,0.63,,,0,,,1600000,25,,,163536.8276,,,,,,,,,,,,,,,,,,,,,,,,,,,,,,,,,,,,,,,,,,,,,,,,,,
BtL,0.27,0.73,0,0.27,2.67,1.06,,,,0.98,,,,0.07,0.38,,,0,,,3000000,25,,,337531.5517,,,,,,,,,,,,,,,,,,,,,,,,,,,,,,,,,,,,,,,,,,,,,,,,,,
CCGT,,,0,,3.35,4.2,2,0.15,,,,,,0.07,0.58,,,0,,,830000,25,,,99027.72929,,,,,,,,,,,,,,,,,,,,,,,,,,,,,,,,,,,,,,,,,,,,,,,,,,
CH4 (g) fill compressor station,,,0,,1.7,0,,,,,,,,0.07,1,,,0,,,1498.95,20,,,166.972426,,,,,,,,,,,,,,,,,,,,,,,,,,,,,,,,,,,,,,,,,,,,,,,,,,
CH4 (g) pipeline,,,0,,1.5,0,,,,,,,,0.07,1,,,0,,,79,50,,,6.909328114,,,,,,,,,,,,,,,,,,,,,,,,,,,,,,,,,,,,,,,,,,,,,,,,,,
CH4 (g) submarine pipeline,,,0,,3,0,,,,,,,,0.07,1,,,0,,,114.89,30,,,12.7052719,,,,,,,,,,,,,,,,,,,,,,,,,,,,,,,,,,,,,,,,,,,,,,,,,,
CH4 (l) transport ship,,,0,,3.5,0,,,58300,,,,,0.07,1,,,0,,,151000000,25,,,18242388.1,,,,,,,,,,,,,,,,,,,,,,,,,,,,,,,,,,,,,,,,,,,,,,,,,,
CH4 evaporation,,,0,,3.5,0,,,,,,,,0.07,1,,,0,,,87600,30,,,10125.36895,,,,,,,,,,,,,,,,,,,,,,,,,,,,,,,,,,,,,,,,,,,,,,,,,,
CH4 liquefaction,,,0,,3.5,0,,,,,,,,0.07,1,,,0,,,232130,25,,,28043.74536,,,,,,,,,,,,,,,,,,,,,,,,,,,,,,,,,,,,,,,,,,,,,,,,,,
CO2 liquefaction,,,0,,5,0,,,,,,,,0.07,1,,,0,,,16.03,25,,,2.177042591,,,,,,,,,,,,,,,,,,,,,,,,,,,,,,,,,,,,,,,,,,,,,,,,,,
CO2 pipeline,,,0,,0.9,0,,,,,,,,0.07,1,,,0,,,2000,50,,,162.9196991,,,,,,,,,,,,,,,,,,,,,,,,,,,,,,,,,,,,,,,,,,,,,,,,,,
CO2 storage tank,,,0,,1,0,,,,,,,,0.07,1,,,0,,,2528.17,25,,,242.2252753,,,,,,,,,,,,,,,,,,,,,,,,,,,,,,,,,,,,,,,,,,,,,,,,,,
CO2 submarine pipeline,,,0,,0.5,0,,,,,,,,0.07,1,,,0,,,4000,25,,,363.2420689,,,,,,,,,,,,,,,,,,,,,,,,,,,,,,,,,,,,,,,,,,,,,,,,,,
FT fuel transport ship,,,0,,5,0,,,75000,,,,,0.07,1,,,0,,,31700578.34,15,,,5065582.019,,,,,,,,,,,,,,,,,,,,,,,,,,,,,,,,,,,,,,,,,,,,,,,,,,
Fischer-Tropsch,,,0,,3,0,,,,0.98,,,,0.07,0.8,,,0,,,650711.26,20,,,80943.87745,,,,,,,,,,,,,,,,,,,,,,,,,,,,,,,,,,,,,,,,,,,,,,,,,,
Gasnetz,,,0,,2.5,0,,,,,,,,0.07,1,,,0,,,28000,30,,,2956.419298,,,,,,,,,,,,,,,,,,,,,,,,,,,,,,,,,,,,,,,,,,,,,,,,,,
General liquid hydrocarbon storage (crude),,,0,,6.25,0,,,,,,,,0.07,1,,,0,,,135.83,30,,,19.43542619,,,,,,,,,,,,,,,,,,,,,,,,,,,,,,,,,,,,,,,,,,,,,,,,,,
General liquid hydrocarbon storage (product),,,0,,6.25,0,,,,,,,,0.07,1,,,0,,,169.79,30,,,24.29464045,,,,,,,,,,,,,,,,,,,,,,,,,,,,,,,,,,,,,,,,,,,,,,,,,,
H2 (g) fill compressor station,,,0,,1.7,0,,,,,,,,0.07,1,,,0,,,4478,20,,,498.8175215,,,,,,,,,,,,,,,,,,,,,,,,,,,,,,,,,,,,,,,,,,,,,,,,,,
H2 (g) pipeline,,,0,,3.17,0,,,,,,,,0.07,1,,,0,,,226.47,50,,,23.58908113,,,,,,,,,,,,,,,,,,,,,,,,,,,,,,,,,,,,,,,,,,,,,,,,,,
H2 (g) pipeline repurposed,,,0,,3.17,0,,,,,,,,0.07,1,,,0,,,105.88,50,,,11.02844487,,,,,,,,,,,,,,,,,,,,,,,,,,,,,,,,,,,,,,,,,,,,,,,,,,
H2 (g) submarine pipeline,,,0,,3,0,,,,,,,,0.07,1,,,0,,,329.37,30,,,36.42384372,,,,,,,,,,,,,,,,,,,,,,,,,,,,,,,,,,,,,,,,,,,,,,,,,,
H2 (l) storage tank,,,0,,2,0,,,,,,,,0.07,1,,,0,,,750.08,20,,,85.80384574,,,,,,,,,,,,,,,,,,,,,,,,,,,,,,,,,,,,,,,,,,,,,,,,,,
H2 (l) transport ship,,,0,,4,0,,,11000,,,,,0.07,1,,,0,,,361223561.6,20,,,48545891.29,,,,,,,,,,,,,,,,,,,,,,,,,,,,,,,,,,,,,,,,,,,,,,,,,,
H2 evaporation,,,0,,2.5,0,,,,,,,,0.07,1,,,0,,,143640,20,,,17149.59985,,,,,,,,,,,,,,,,,,,,,,,,,,,,,,,,,,,,,,,,,,,,,,,,,,
H2 liquefaction,,,0,,2.5,0,,,,,,,,0.07,1,,,0,,,870560,20,,,103938.7054,,,,,,,,,,,,,,,,,,,,,,,,,,,,,,,,,,,,,,,,,,,,,,,,,,
H2 pipeline,,,0,,3,0,,,,,,,,0.07,1,,,0,,,267,40,,,28.03744008,,,,,,,,,,,,,,,,,,,,,,,,,,,,,,,,,,,,,,,,,,,,,,,,,,
HVAC overhead,,,0,,2,0,,,,,,,,0.07,1,,,0,,,432.97,40,,,41.13610686,,,,,,,,,,,,,,,,,,,,,,,,,,,,,,,,,,,,,,,,,,,,,,,,,,
HVDC inverter pair,,,0,,2,0,,,,,,,,0.07,1,,,0,,,162364.82,40,,,15426.14173,,,,,,,,,,,,,,,,,,,,,,,,,,,,,,,,,,,,,,,,,,,,,,,,,,
HVDC overhead,,,0,,2,0,,,,,,,,0.07,1,,,0,,,432.97,40,,,41.13610686,,,,,,,,,,,,,,,,,,,,,,,,,,,,,,,,,,,,,,,,,,,,,,,,,,
HVDC submarine,,,0,,0.35,0,,,,,,,,0.07,1,,,0,,,471.16,40,,,36.99036587,,,,,,,,,,,,,,,,,,,,,,,,,,,,,,,,,,,,,,,,,,,,,,,,,,
Haber-Bosch,,,0,,3,0.02,,,,,,,,0.07,1,,,0,,,1297430,30,,,143478.1175,,,,,,,,,,,,,,,,,,,,,,,,,,,,,,,,,,,,,,,,,,,,,,,,,,
LNG storage tank,,,0,,2,0,,,,,,,,0.07,1,,,0,,,611.59,20,,,69.96156946,,,,,,,,,,,,,,,,,,,,,,,,,,,,,,,,,,,,,,,,,,,,,,,,,,
LOHC chemical,,,0,,0,0,,,,,,,,0.07,1,,,0,,,2264.33,20,,,213.7367335,,,,,,,,,,,,,,,,,,,,,,,,,,,,,,,,,,,,,,,,,,,,,,,,,,
LOHC dehydrogenation,,,0,,3,0,,,,,,,,0.07,1,,,0,,,50728.03,20,,,6310.208069,,,,,,,,,,,,,,,,,,,,,,,,,,,,,,,,,,,,,,,,,,,,,,,,,,
LOHC dehydrogenation (small scale),,,0,,3,0,,,,,,,,0.07,1,,,0,,,759908.15,20,,,94527.19807,,,,,,,,,,,,,,,,,,,,,,,,,,,,,,,,,,,,,,,,,,,,,,,,,,
LOHC hydrogenation,,,0,,3,0,,,,,,,,0.07,1,,,0,,,51259.54,20,,,6376.324153,,,,,,,,,,,,,,,,,,,,,,,,,,,,,,,,,,,,,,,,,,,,,,,,,,
LOHC loaded DBT storage,,,0,,6.25,0,,,,,,,,0.07,1,,,0,,,149.27,30,,,21.35850745,,,,,,,,,,,,,,,,,,,,,,,,,,,,,,,,,,,,,,,,,,,,,,,,,,
LOHC transport ship,,,0,,5,0,,,75000,,,,,0.07,1,,,0,,,31700578.34,15,,,5065582.019,,,,,,,,,,,,,,,,,,,,,,,,,,,,,,,,,,,,,,,,,,,,,,,,,,
LOHC unloaded DBT storage,,,0,,6.25,0,,,,,,,,0.07,1,,,0,,,132.26,30,,,18.92460773,,,,,,,,,,,,,,,,,,,,,,,,,,,,,,,,,,,,,,,,,,,,,,,,,,
MeOH transport ship,,,0,,5,0,,,75000,,,,,0.07,1,,,0,,,31700578.34,15,,,5065582.019,,,,,,,,,,,,,,,,,,,,,,,,,,,,,,,,,,,,,,,,,,,,,,,,,,
Methanol steam reforming,,,0,,4,0,,,,,,,,0.07,1,,,0,,,16318.43,20,,,2193.081551,,,,,,,,,,,,,,,,,,,,,,,,,,,,,,,,,,,,,,,,,,,,,,,,,,
NH3 (l) storage tank incl. liquefaction,,,0,,2,0,,,,,,,,0.07,1,,,0,,,161.93,20,,,18.52364647,,,,,,,,,,,,,,,,,,,,,,,,,,,,,,,,,,,,,,,,,,,,,,,,,,
NH3 (l) transport ship,,,0,,4,0,,,53000,,,,,0.07,1,,,0,,,74461941.34,20,,,10007158.15,,,,,,,,,,,,,,,,,,,,,,,,,,,,,,,,,,,,,,,,,,,,,,,,,,
OCGT,,,0,,1.78,4.5,,,,,,,,0.07,0.41,,,0,,,435240,25,,,45095.44152,,,,,,,,,,,,,,,,,,,,,,,,,,,,,,,,,,,,,,,,,,,,,,,,,,
PHS,,,0,,1,0,,,,,,,,0.07,0.75,,,0,,,2208160,80,,,177345.2166,,,,,,,,,,,,,,,,,,,,,,,,,,,,,,,,,,,,,,,,,,,,,,,,,,
SMR,,,0,,5,0,,,,,,,,0.07,0.76,,,0,,,493470.4,30,,,64440.52478,,,,,,,,,,,,,,,,,,,,,,,,,,,,,,,,,,,,,,,,,,,,,,,,,,
SMR CC,,,0,,5,0,,,,,0.9,,,0.07,0.69,,,0,,,572425.66,30,,,74751.00822,,,,,,,,,,,,,,,,,,,,,,,,,,,,,,,,,,,,,,,,,,,,,,,,,,
Steam methane reforming,,,0,,3,0,,,,,,,,0.07,1,,,0,,,470085.47,30,,,51985.06147,,,,,,,,,,,,,,,,,,,,,,,,,,,,,,,,,,,,,,,,,,,,,,,,,,
air separation unit,,,0,,3,0,,,,,,,,0.07,1,,,0,,,729306.18,30,,,80651.3475,,,,,,,,,,,,,,,,,,,,,,,,,,,,,,,,,,,,,,,,,,,,,,,,,,
battery inverter,,,0,,0.34,0,,,,,,,,0.07,0.96,,,0,,,160000,10,,,23324.40044,,,,,,,,,,,,,,,,,,,,,,,,,,,,,,,,,,,,,,,,,,,,,,,,,,
battery storage,,,0,,0,0,,,,,,,,0.07,1,,,0,,,142000,25,,,12185.09345,,,,,,,,,,,,,,,,,,,,,,,,,,,,,,,,,,,,,,,,,,,,,,,,,,
biogas,,,0,0.09,12.84,0,,,,0.98,,,,0.07,1,,,59,,,1539620,20,,,343016.4443,,,,,,,,,,,,,,,,,,,,,,,,,,,,,,,,,,,,,,,,,,,,,,,,,,
biogas plus hydrogen,,,0,,4,0,,,,,,,,0.07,1,,,0,,,756000,25,,,95112.75102,,,,,,,,,,,,,,,,,,,,,,,,,,,,,,,,,,,,,,,,,,,,,,,,,,
biogas upgrading,,,0,,2.49,3.18,,,,,,,,0.07,1,,,0,,,381000,15,,,51318.65201,,,,,,,,,,,,,,,,,,,,,,,,,,,,,,,,,,,,,,,,,,,,,,,,,,
biomass,,,0,,4.53,0,,,,,,,,0.07,0.47,,,7,,,2209000,30,,,278083.0654,,,,,,,,,,,,,,,,,,,,,,,,,,,,,,,,,,,,,,,,,,,,,,,,,,
biomass CHP,,,0,,3.58,2.1,0.46,1,,,,,,0.07,0.3,0.71,,0,,,3210280,25,,,390403.8112,,,,,,,,,,,,,,,,,,,,,,,,,,,,,,,,,,,,,,,,,,,,,,,,,,
biomass CHP capture,,,0,,3,0,,,,,0.9,0.08,0.14,0.07,1,,0.02,0,0.72,0.72,2700000,25,,,312688.3965,,,,,,,,,,,,,,,,,,,,,,,,,,,,,,,,,,,,,,,,,,,,,,,,,,
biomass EOP,,,0,,3.58,2.1,0.46,1,,,,,,0.07,0.3,0.71,,0,,,3210280,25,,,390403.8112,,,,,,,,,,,,,,,,,,,,,,,,,,,,,,,,,,,,,,,,,,,,,,,,,,
biomass HOP,,,0,,5.75,2.78,,,,,,,,0.07,1.03,,,0,,,832630,25,,,119324.636,,,,,,,,,,,,,,,,,,,,,,,,,,,,,,,,,,,,,,,,,,,,,,,,,,
biomass boiler,,,0,,7.49,0,,,,,,,,0.07,0.86,,,0,,,649300,20,,,109921.8967,,,,,,,,,,,,,,,,,,,,,,,,,,,,,,,,,,,,,,,,,,,,,,,,,,
cement capture,,,0,,3,0,,,,,0.9,0.08,0.14,0.07,1,,0.02,0,0.72,1.54,2600000,25,,,301107.3448,,,,,,,,,,,,,,,,,,,,,,,,,,,,,,,,,,,,,,,,,,,,,,,,,,
central air-sourced heat pump,,,0,,0.23,2.51,,,,,,,,0.07,3.6,,,0,,,856250,25,,,75444.63037,,,,,,,,,,,,,,,,,,,,,,,,,,,,,,,,,,,,,,,,,,,,,,,,,,
central coal CHP,,,0,,1.63,2.84,1.01,0.15,,,,,,0.07,0.52,,,0,,,1860470,25,,,189973.554,,,,,,,,,,,,,,,,,,,,,,,,,,,,,,,,,,,,,,,,,,,,,,,,,,
central gas CHP,,,0,,3.32,4.2,1,0.17,,,,,,0.07,0.41,,,0,,,560000,25,,1,66645.88964,,,,,,,,,,,,,,,,,,,,,,,,,,,,,,,,,,,,,,,,,,,,,,,,,,
central gas boiler,,,0,,3.8,1,,,,,,,,0.07,1.04,,,0,,,50000,25,,,6190.525861,,,,,,,,,,,,,,,,,,,,,,,,,,,,,,,,,,,,,,,,,,,,,,,,,,
central ground-sourced heat pump,,,0,,0.39,1.25,,,,,,,,0.07,1.73,,,0,,,507600,25,,,45537.05854,,,,,,,,,,,,,,,,,,,,,,,,,,,,,,,,,,,,,,,,,,,,,,,,,,
central resistive heater,,,0,,1.7,1,,,,,,,,0.07,0.99,,,0,,,60000,20,,,6683.575545,,,,,,,,,,,,,,,,,,,,,,,,,,,,,,,,,,,,,,,,,,,,,,,,,,
central solar thermal,,,0,,1.4,0,,,,,,,,0.07,1,,,0,,,140000,20,,,15175.0096,,,,,,,,,,,,,,,,,,,,,,,,,,,,,,,,,,,,,,,,,,,,,,,,,,
central solid biomass CHP,,,0,,2.87,4.58,0.35,1,,,,,,0.07,0.27,0.82,,0,,,3349490,25,,1,383551.8323,,,,,,,,,,,,,,,,,,,,,,,,,,,,,,,,,,,,,,,,,,,,,,,,,,
central water tank storage,,,0,,0.55,0,,,,,,,,0.07,1,,,0,,,540,25,,,49.3076793,,,,,,,,,,,,,,,,,,,,,,,,,,,,,,,,,,,,,,,,,,,,,,,,,,
clean water tank storage,,,0,,2,0,,,,,,,,0.07,1,,,0,,,67.63,30,,,6.802658469,,,,,,,,,,,,,,,,,,,,,,,,,,,,,,,,,,,,,,,,,,,,,,,,,,
co2 emissions,,,0,,0,0,,,,,,,,0.07,1,,,0,,,110,25,,,9.439156894,,,,,,,,,,,,,,,,,,,,,,,,,,,,,,,,,,,,,,,,,,,,,,,,,,
coal,,,0.34,,1.6,3.5,,,,,,,,0.07,0.33,,,8.15,,,3845510,40,,,349976.5536,,,,,,,,,,,,,,,,,,,,,,,,,,,,,,,,,,,,,,,,,,,,,,,,,,
csp-tower,,,0,,1.1,0,,,,,,,,0.07,1,,,0,,,98150,30,,,8989.205505,,,,,,,,,,,,,,,,,,,,,,,,,,,,,,,,,,,,,,,,,,,,,,,,,,
csp-tower TES,,,0,,1.1,0,,,,,,,,0.07,1,,,0,,,13150,30,,,1204.361206,,,,,,,,,,,,,,,,,,,,,,,,,,,,,,,,,,,,,,,,,,,,,,,,,,
csp-tower power block,,,0,,1.1,0,,,,,,,,0.07,1,,,0,,,687600,30,,,62974.81105,,,,,,,,,,,,,,,,,,,,,,,,,,,,,,,,,,,,,,,,,,,,,,,,,,
decentral CHP,,,0,,3,0,,,,,,,,0.04,1,,,0,,,1400000,25,,,131616.7479,,,,,,,,,,,,,,,,,,,,,,,,,,,,,,,,,,,,,,,,,,,,,,,,,,
decentral air-sourced heat pump,,,0,,3,0,,,,,,,,0.04,3.6,,,0,,,850000,18,,,92644.32892,,,,,,,,,,,,,,,,,,,,,,,,,,,,,,,,,,,,,,,,,,,,,,,,,,
decentral gas boiler,,,0,,6.69,0,,,,,,,,0.04,0.98,,,0,,,296820,20,,,41697.79313,,,,,,,,,,,,,,,,,,,,,,,,,,,,,,,,,,,,,,,,,,,,,,,,,,
decentral gas boiler connection,,,0,,0,0,,,,,,,,0.07,1,,,0,,,185510,50,,,13442.02669,,,,,,,,,,,,,,,,,,,,,,,,,,,,,,,,,,,,,,,,,,,,,,,,,,
decentral ground-sourced heat pump,,,0,,1.82,0,,,,,,,,0.04,3.9,,,0,,,1400000,20,,,128494.4505,,,,,,,,,,,,,,,,,,,,,,,,,,,,,,,,,,,,,,,,,,,,,,,,,,
decentral oil boiler,,,0,,2,0,,,,,,,,0.07,0.9,,,0,,,156010,20,,,17846.44035,,,,,,,,,,,,,,,,,,,,,,,,,,,,,,,,,,,,,,,,,,,,,,,,,,
decentral resistive heater,,,0,,2,0,,,,,,,,0.04,0.9,,,0,,,100000,20,,,9358.175033,,,,,,,,,,,,,,,,,,,,,,,,,,,,,,,,,,,,,,,,,,,,,,,,,,
decentral solar thermal,,,0,,1.3,0,,,,,,,,0.04,1,,,0,,,270000,20,,,23377.07259,,,,,,,,,,,,,,,,,,,,,,,,,,,,,,,,,,,,,,,,,,,,,,,,,,
decentral water tank storage,,,0,,1,0,,,,,,,,0.04,1,,,0,,,18380,20,,,1536.232571,,,,,,,,,,,,,,,,,,,,,,,,,,,,,,,,,,,,,,,,,,,,,,,,,,
digestible biomass,,,0,,0,0,,,,,,,,0.07,1,,,15,,,0,25,,,0,,,,,,,,,,,,,,,,,,,,,,,,,,,,,,,,,,,,,,,,,,,,,,,,,,
digestible biomass to hydrogen,,,0,,4.25,0,,,,0.98,,,,0.07,0.39,,,0,,,2500000,25,,,320776.2931,,,,,,,,,,,,,,,,,,,,,,,,,,,,,,,,,,,,,,,,,,,,,,,,,,
direct air capture,,,0,,4.95,0,,,,,,0.15,0.2,0.07,1,,0.32,0,2,1,6000000,20,,,863357.5545,,,,,,,,,,,,,,,,,,,,,,,,,,,,,,,,,,,,,,,,,,,,,,,,,,
electric boiler steam,,,0,,1.46,0.88,,,,,,,,0.07,0.99,,,0,,,70000,25,,,7028.736205,,,,,,,,,,,,,,,,,,,,,,,,,,,,,,,,,,,,,,,,,,,,,,,,,,
electricity distribution grid,,,0,,2,0,,,,,,,,0.07,1,,,0,,,500000,40,,,47504.56944,,,,,,,,,,,,,,,,,,,,,,,,,,,,,,,,,,,,,,,,,,,,,,,,,,
electricity grid connection,,,0,,2,0,,,,,,,,0.07,1,,,0,,,140000,40,,,13301.27944,,,,,,,,,,,,,,,,,,,,,,,,,,,,,,,,,,,,,,,,,,,,,,,,,,
electrolysis,,,0,,2,0,,,,,,,,0.07,0.68,,,0,,,450000,30,,,45263.88158,,,,,,,,,,,,,,,,,,,,,,,,,,,,,,,,,,,,,,,,,,,,,,,,,,
fuel cell,,,0,,5,0,1.25,,,,,,,0.07,0.5,,,0,,,1100000,10,,,211615.253,,,,,,,,,,,,,,,,,,,,,,,,,,,,,,,,,,,,,,,,,,,,,,,,,,
gas,,,0.2,,0,0,,,,,,,,0.07,1,,,20.1,,,0,25,,,0,,,,,,,,,,,,,,,,,,,,,,,,,,,,,,,,,,,,,,,,,,,,,,,,,,
gas boiler steam,,,0,,4.18,1,,,,,,,,0.07,0.93,,,0,,,45450,25,,,5799.898008,,,,,,,,,,,,,,,,,,,,,,,,,,,,,,,,,,,,,,,,,,,,,,,,,,
gas storage,,,0,,3.59,0,,,,,,,,0.07,1,,,0,,,30,100,,,3.179422938,,,,,,,,,,,,,,,,,,,,,,,,,,,,,,,,,,,,,,,,,,,,,,,,,,
gas storage charger,,,0,,0,0,,,,,,,,0.07,1,,,0,,,14340,25,,,1230.522817,,,,,,,,,,,,,,,,,,,,,,,,,,,,,,,,,,,,,,,,,,,,,,,,,,
gas storage discharger,,,0,,0,0,,,,,,,,0.07,1,,,0,,,4780,25,,,410.1742723,,,,,,,,,,,,,,,,,,,,,,,,,,,,,,,,,,,,,,,,,,,,,,,,,,
geothermal,,,0.03,,2.36,0,,,,,,,,0.07,0.24,,,0,,,3392000,40,,,334482.1991,,,,,,,,,,,,,,,,,,,,,,,,,,,,,,,,,,,,,,,,,,,,,,,,,,
helmeth,,,0,,3,0,,,,,,,,0.07,0.8,,,0,,,2000000,25,,,231621.0344,,,,,,,,,,,,,,,,,,,,,,,,,,,,,,,,,,,,,,,,,,,,,,,,,,
home battery inverter,,,0,,0.34,0,,,,,,,,0.07,0.96,,,0,,,228060,10,,,33246.01727,,,,,,,,,,,,,,,,,,,,,,,,,,,,,,,,,,,,,,,,,,,,,,,,,,
home battery storage,,,0,,0,0,,,,,,,,0.07,1,,,0,,,202900,25,,,17410.95394,,,,,,,,,,,,,,,,,,,,,,,,,,,,,,,,,,,,,,,,,,,,,,,,,,
hydro,,,0,,1,0,,,,,,,,0.07,0.9,,,0,,,2208160,80,,,177345.2166,,,,,,,,,,,,,,,,,,,,,,,,,,,,,,,,,,,,,,,,,,,,,,,,,,
hydrogen storage compressor,,,0,,4,0,,,,,,0.05,,0.07,1,,,0,,,79420,15,,,11896.68909,,,,,,,,,,,,,,,,,,,,,,,,,,,,,,,,,,,,,,,,,,,,,,,,,,
hydrogen storage tank type 1,,,0,,2,0,,,,,,,,0.07,1,,,0,,,12230,20,6,,1399.025482,,,,,,,,,,,,,,,,,,,,,,,,,,,,,,,,,,,,,,,,,,,,,,,,,,
hydrogen storage tank type 1 including compressor,,,0,,1.11,0,,,,,,,,0.07,1,,,0,,,44910,30,,,4117.636382,,,,,,,,,,,,,,,,,,,,,,,,,,,,,,,,,,,,,,,,,,,,,,,,,,
hydrogen storage underground,,,0,,0,0,,,,,,,,0.07,1,,,0,,,2000,100,,,140.1615292,,,,,,,,,,,,,,,,,,,,,,,,,,,,,,,,,,,,,,,,,,,,,,,,,,
industrial heat pump high temperature,,,0,,0.09,3.2,,,,,,,,0.07,3.05,,,0,,,934560,20,,,89056.95668,,,,,,,,,,,,,,,,,,,,,,,,,,,,,,,,,,,,,,,,,,,,,,,,,,
industrial heat pump medium temperature,,,0,,0.11,3.2,,,,,,,,0.07,2.7,,,0,,,778800,20,,,74369.89057,,,,,,,,,,,,,,,,,,,,,,,,,,,,,,,,,,,,,,,,,,,,,,,,,,
lignite,,,0.41,,1.6,3.5,,,,,,,,0.07,0.33,,,2.9,,,3845510,40,,,349976.5536,,,,,,,,,,,,,,,,,,,,,,,,,,,,,,,,,,,,,,,,,,,,,,,,,,
methanation,,,0,,3,0,,,,0.98,,,,0.07,0.8,,,0,,,628600,20,,,78193.39312,,,,,,,,,,,,,,,,,,,,,,,,,,,,,,,,,,,,,,,,,,,,,,,,,,
methane storage tank incl. compressor,,,0,,1.9,0,,,,,,,,0.07,1,,,0,,,8629.2,30,,,859.3509932,,,,,,,,,,,,,,,,,,,,,,,,,,,,,,,,,,,,,,,,,,,,,,,,,,
methanolisation,,,0,,3,0,,,,,,,,0.07,1,,,0,,,650711.26,20,,,80943.87745,,,,,,,,,,,,,,,,,,,,,,,,,,,,,,,,,,,,,,,,,,,,,,,,,,
micro CHP,,,0,,6.11,0,,,,,,,,0.07,0.35,0.61,,0,,,7410270,20,,,1152244.563,,,,,,,,,,,,,,,,,,,,,,,,,,,,,,,,,,,,,,,,,,,,,,,,,,
nuclear,,,0,,1.4,3.5,,,,,,,,0.07,0.33,,,2.6,,,7940450,40,,,706772.6168,,,,,,,,,,,,,,,,,,,,,,,,,,,,,,,,,,,,,,,,,,,,,,,,,,
offwind,,,0,,2.32,0.02,,,,,,,,0.07,1,,,0,,,1523550,30,,,158123.7751,,,,,,,,,,,,,,,,,,,,,,,,,,,,,,,,,,,,,,,,,,,,,,,,,,
offwind-ac-connection-submarine,,,0,,0,0,,,,,,,,0.07,1,,,0,,,2685,25,,,230.4012387,,,,,,,,,,,,,,,,,,,,,,,,,,,,,,,,,,,,,,,,,,,,,,,,,,
offwind-ac-connection-underground,,,0,,0,0,,,,,,,,0.07,1,,,0,,,1342,25,,,115.1577141,,,,,,,,,,,,,,,,,,,,,,,,,,,,,,,,,,,,,,,,,,,,,,,,,,
offwind-ac-station,,,0,,0,0,,,,,,,,0.07,1,,,0,,,250000,25,,,21452.62931,,,,,,,,,,,,,,,,,,,,,,,,,,,,,,,,,,,,,,,,,,,,,,,,,,
offwind-dc-connection-submarine,,,0,,0,0,,,,,,,,0.07,1,,,0,,,2000,25,,,171.6210344,,,,,,,,,,,,,,,,,,,,,,,,,,,,,,,,,,,,,,,,,,,,,,,,,,
offwind-dc-connection-underground,,,0,,0,0,,,,,,,,0.07,1,,,0,,,1000,25,,,85.81051722,,,,,,,,,,,,,,,,,,,,,,,,,,,,,,,,,,,,,,,,,,,,,,,,,,
offwind-dc-station,,,0,,0,0,,,,,,,,0.07,1,,,0,,,400000,25,,,34324.20689,,,,,,,,,,,,,,,,,,,,,,,,,,,,,,,,,,,,,,,,,,,,,,,,,,
oil,,,0.26,,2.46,6,,,,,,,,0.07,0.35,,,50,,,343000,25,,,37870.80741,,,,,,,,,,,,,,,,,,,,,,,,,,,,,,,,,,,,,,,,,,,,,,,,,,
onwind,,,0,,1.22,1.35,,,,,,,,0.07,1,,,0,,,1035560,30,,,96085.88802,,,,,,,,,,,,,,,,,,,,,,,,,,,,,,,,,,,,,,,,,,,,,,,,,,
ror,,,0,,2,0,,,,,,,,0.07,0.9,,,0,,,3312240,80,,,299140.2249,,,,,,,,,,,,,,,,,,,,,,,,,,,,,,,,,,,,,,,,,,,,,,,,,,
seawater desalination,,,0,,4,0,,,,,,,,0.07,1,,3.03,0,,,32882.05,30,,,3965.12815,,,,,,,,,,,,,,,,,,,,,,,,,,,,,,,,,,,,,,,,,,,,,,,,,,
solar,,,0,,1.95,0.01,,,,,,,,0.07,1,,,0,,,492110,40,,,46508.89233,,,,,,,,,,,,,,,,,,,,,,,,,,,,,,,,,,,,,,,,,,,,,,,,,,
solar-rooftop,,,0,,1.42,0,,,,,,,,0.04,1,,,0,,,636660,40,,,41206.85671,,,,,,,,,,,,,,,,,,,,,,,,,,,,,,,,,,,,,,,,,,,,,,,,,,
solar-rooftop commercial,,,0,,1.57,0,,,,,,,,0.07,1,,,0,,,512470,40,,,46485.7124,,,,,,,,,,,,,,,,,,,,,,,,,,,,,,,,,,,,,,,,,,,,,,,,,,
solar-rooftop residential,,,0,,1.27,0,,,,,,,,0.07,1,,,0,,,760860,40,,,66734.3754,,,,,,,,,,,,,,,,,,,,,,,,,,,,,,,,,,,,,,,,,,,,,,,,,,
solar-utility,,,0,,2.48,0,,,,,,,,0.07,1,,,0,,,347560,40,,,34689.66431,,,,,,,,,,,,,,,,,,,,,,,,,,,,,,,,,,,,,,,,,,,,,,,,,,
solid biomass,,,0.37,,0,0,,,,,,,,0.07,1,,,12,,,0,25,,,0,,,,,,,,,,,,,,,,,,,,,,,,,,,,,,,,,,,,,,,,,,,,,,,,,,
solid biomass boiler steam,,,0,,6.08,2.82,,,,,,,,0.07,0.89,,,0,,,590910,25,,,86633.62073,,,,,,,,,,,,,,,,,,,,,,,,,,,,,,,,,,,,,,,,,,,,,,,,,,
solid biomass to hydrogen,,,0,,4.25,0,,,,0.98,,,,0.07,0.56,,,0,,,2500000,25,,,320776.2931,,,,,,,,,,,,,,,,,,,,,,,,,,,,,,,,,,,,,,,,,,,,,,,,,,
uranium,,,0,,0,0,,,,,,,,0.07,1,,,2.6,,,0,25,,,0,,,,,,,,,,,,,,,,,,,,,,,,,,,,,,,,,,,,,,,,,,,,,,,,,,
water tank charger,,,0,,0,0,,,,,,,,0.07,0.84,,,0,,,0,25,,,0,,,,,,,,,,,,,,,,,,,,,,,,,,,,,,,,,,,,,,,,,,,,,,,,,,
water tank discharger,,,0,,0,0,,,,,,,,0.07,0.84,,,0,,,0,25,,,0,,,,,,,,,,,,,,,,,,,,,,,,,,,,,,,,,,,,,,,,,,,,,,,,,,
co2,,,,,,,,,,,,,,,,,,,,,,,,,,,,,,,,,,,,,,,,,,,,,,,,,,,,,,,,,,,,,,,,,,,,,,,,,,,
co2 atmosphere,,,,,,,,,,,,,,,,,,,,,110,,,,,,,,,,,,,,,,,,,,,,,,,,,,,,,,,,,,,,,,,,,,,,,,,,,,,,
